"","frame_orientation","frame_size","sid","par1","par2","sse","pse","slope"
"1","Left","880","p30201cc",-1.58624636242166,1.76318219350651,3.47298740974741,-2.52351633948868,0.557993580363774
"2","Right","880","p30201cc",-11.3923907722346,0.298589018173516,4.51214291747733,0.423018555571136,0.86446023042305
"3","Left","410","p30201cc",-1.49918372975662,0.340183107182384,5.54498147135574,-2.38876047330174,1.06804390958442
"4","Right","410","p30201cc",5.05164217902347,0.427090503741056,5.82330131623886,1.06116265460786,0.79524503646455
"5","Left","645","p30201cc",-1.49918372975662,0.340183107182384,6.07793359562669,-1.89653659972934,1.1168665860161
"6","Right","645","p30201cc",-4.80311915511265,1.86618517432362,5.22819503483037,1.17842328385226,0.785938682873563
"7","Left","175","p30201cc",-1.58624636242166,1.76318219350651,3.83500016218627,-2.77604413408668,0.409121708423256
"8","Right","175","p30201cc",1.68631760403514,0.939637712202966,5.7156844180706,1.68028543898475,0.88432811145541
"9","Left","880","p30201ms",-2.74769260548055,0.223694822750986,11.1080642435541,-2.25551001687046,3.40260773204681
"10","Right","880","p30201ms",-3.46612612484023,1.70694530382752,8.79607352441279,3.2161600709235,1.64979178020501
"11","Left","410","p30201ms",10.1972509059124,0.937859548255801,7.48034061714787,-2.65409620863391,1.44112645102049
"12","Right","410","p30201ms",-11.3923907722346,0.298589018173516,6.346830495663,4.42877083545379,1.94996193771281
"13","Left","645","p30201ms",-3.35457114502788,1.30771703599021,6.75832689579887,-3.41193795611622,0.882260131165213
"14","Right","645","p30201ms",6.38863236643374,1.26170374592766,5.41402638658747,4.79994290423367,1.0702125955896
"15","Left","175","p30201ms",-4.34705653460696,1.51056965626776,8.60318520988341,-2.14722072103728,2.89300804603208
"16","Right","175","p30201ms",-12.9766115080565,0.707821612711996,5.60571205512963,2.02677254513607,1.24216837290656
"17","Left","880","p30202is",2.89283210411668,1.95403548283502,7.79633252139506,-1.57545911009202,2.46284037990176
"18","Right","880","p30202is",7.40335321985185,1.94818443665281,9.52379136221724,3.57900054865487,1.92581827970989
"19","Left","410","p30202is",10.8695699600503,0.297757264226675,8.34889140644095,-2.43759669405074,2.21601339399439
"20","Right","410","p30202is",3.8445515697822,0.87634513201192,4.73087509283713,3.90853071304704,0.831178485469126
"21","Left","645","p30202is",14.7353828768246,1.95945909665897,6.44580870560378,-2.30551395901272,1.68779840425212
"22","Right","645","p30202is",7.40335321985185,1.94818443665281,10.6490830376274,4.13236188298843,2.09793938423711
"23","Left","175","p30202is",10.5546809127554,1.64232668047771,8.77531277178451,-3.21125084115804,2.71852264168565
"24","Right","175","p30202is",3.8445515697822,0.87634513201192,5.15230769275657,4.77018989255898,1.02524089695759
"25","Left","880","p30205gr",4.97390852775425,1.08823836874217,7.26050596885556,0.942460903741013,3.734606845007
"26","Right","880","p30205gr",4.97754934011027,1.05745945218951,11.0331271709304,2.43661336295075,3.00751123414739
"27","Left","410","p30205gr",-4.53343437518924,1.10467529250309,5.15928283298398,0.996590978828476,0.9380200922307
"28","Right","410","p30205gr",-8.85829110397026,0.0914246751926839,5.21150251062403,3.49724919756414,0.831912798363589
"29","Left","645","p30205gr",0.201385330874473,0.916464297100902,8.86712740233849,1.91301448950315,2.33313071697668
"30","Right","645","p30205gr",-5.15685097547248,1.61036005662754,4.38095538766682,4.25915325093605,0.452597827536106
"31","Left","175","p30205gr",-3.47238088957965,0.470226733479649,7.20572611710055,1.99115731126734,1.53304046348083
"32","Right","175","p30205gr",14.660883480683,1.75981011567637,8.6410873239556,1.44612711403457,1.84447908134977
"33","Left","880","p30205jp",4.97754934011027,1.05745945218951,8.89884674550003,2.68628935998963,1.10409912929066
"34","Right","880","p30205jp",2.89283210411668,1.95403548283502,7.22860280130335,3.25543904165678,1.30104442011766
"35","Left","410","p30205jp",9.02730766218156,0.946886072400957,4.32717781951295,1.37804160529692,0.497252643714418
"36","Right","410","p30205jp",10.1972509059124,0.937859548255801,7.3899425345123,4.77798005141736,1.06651739594685
"37","Left","645","p30205jp",-12.5281405029818,0.70525020128116,5.27029278292662,2.1139016239763,0.791514987309131
"38","Right","645","p30205jp",5.59740613913164,1.46605204930529,3.85777084332575,4.08359138946422,0.620777786422082
"39","Left","175","p30205jp",-2.74769260548055,0.223694822750986,3.86721095860831,2.48851744758293,0.401379416613003
"40","Right","175","p30205jp",4.97390852775425,1.08823836874217,4.62295444832096,3.85881074958889,0.612909492939185
"41","Left","880","p30205sb",-4.65454840566963,1.77925090771168,2.8939481346149,-0.749491773006135,0.351088231294728
"42","Right","880","p30205sb",7.7258844813332,1.32718420773745,3.45393530273015,0.79727188786954,0.347054382573465
"43","Left","410","p30205sb",14.660883480683,1.75981011567637,5.18470628195478,-0.831479018614767,0.90544465697492
"44","Right","410","p30205sb",-1.00158169632778,0.670381907373667,5.89768622679228,0.88511673782535,0.72642353822081
"45","Left","645","p30205sb",13.3049145620316,0.505520246457309,5.93459913437657,-1.26972324290467,0.956214977717166
"46","Right","645","p30205sb",0.201385330874473,0.916464297100902,4.14111007267921,0.22862362802946,0.893174513717526
"47","Left","175","p30205sb",-1.01491556502879,0.162787829060107,4.48398191287078,-1.56230048702919,0.923518362437158
"48","Right","175","p30205sb",-1.48744178703055,1.66859723208472,5.20007559537429,1.22945513880432,0.757774053904026
"49","Left","880","p30208lj",-9.20684207696468,0.560268068686128,3.42407883652605,-0.653139603007596,0.526501030254517
"50","Right","880","p30208lj",5.81980582326651,0.232979252003133,6.60929087019684,1.94360267194793,0.729686402641179
"51","Left","410","p30208lj",-1.01491556502879,0.162787829060107,7.35784001496556,-1.49042655209389,1.36444391691503
"52","Right","410","p30208lj",-1.48744178703055,1.66859723208472,4.20360863045028,1.7455535099163,0.686280869596762
"53","Left","645","p30208lj",-12.9766115080565,0.707821612711996,7.73536816555141,-1.71724693104903,1.0714036224236
"54","Right","645","p30208lj",9.67875403119251,1.63090453203768,4.90949463637982,3.45714046220098,1.02226315322732
"55","Left","175","p30208lj",-0.964850359596312,0.131362666375935,6.09558309600679,-2.42979497190484,1.31168087353371
"56","Right","175","p30208lj",3.8445515697822,0.87634513201192,5.76338776259663,2.33446106903033,1.68641479315841
"57","Left","880","p30217af",-4.53343437518924,1.10467529250309,5.41078550656301,-1.69219291949635,1.68070584917805
"58","Right","880","p30217af",-4.65454840566963,1.77925090771168,3.77316157022088,0.736972009149823,0.473843550466846
"59","Left","410","p30217af",-10.8701321901754,1.49083702685311,5.22622095183502,-1.00550429349113,0.636074423864781
"60","Right","410","p30217af",4.97390852775425,1.08823836874217,4.61604162155295,0.977032254765869,0.742584289222265
"61","Left","645","p30217af",-1.48744178703055,1.66859723208472,4.60225157565431,-1.30694860326581,0.803434882663506
"62","Right","645","p30217af",-4.91306316806003,1.29541683150455,3.80015879040974,0.752563028983173,0.443873691153816
"63","Left","175","p30217af",-7.10375221911818,0.952647742349654,7.76389851156255,-2.53220798186932,1.70948660396085
"64","Right","175","p30217af",-9.58709761267528,1.99854662409052,4.93610726217841,1.93577972875084,0.587391618150789
"65","Left","880","p30301av",-8.73934552771971,1.12835434125736,9.41733031960189,-2.58480750223548,1.73452043530648
"66","Right","880","p30301av",4.97754934011027,1.05745945218951,4.43946139434945,2.95774192841455,0.656639108622867
"67","Left","410","p30301av",13.3049145620316,0.505520246457309,5.94903632101638,-1.7828090542251,1.24464007098089
"68","Right","410","p30301av",9.45216655964032,1.38236297573894,5.48434489084306,2.80255164428576,0.97560793512229
"69","Left","645","p30301av",-5.40455113397911,1.41803166735917,5.68694602347079,-2.66417439497195,0.873167358328937
"70","Right","645","p30301av",4.86875790869817,1.74702454963699,5.38093450887393,3.93730698422285,0.684417080885701
"71","Left","175","p30301av",-2.42776960367337,0.925551891792566,5.57306842258056,-1.85532402033652,0.681134706435939
"72","Right","175","p30301av",-1.48744178703055,1.66859723208472,4.6562264148057,2.85840510235869,0.602432386846565
"73","Left","880","p30302sb",-3.47238088957965,0.470226733479649,7.99568482698518,-4.99441113890306,3.03375697478029
"74","Right","880","p30302sb",-12.2183166956529,0.399198307655752,6.14803846446433,1.59976190362808,1.50661929935131
"75","Left","410","p30302sb",8.23211068287492,1.34967308910564,9.14856307438728,-5.76522302644404,2.44439965295791
"76","Right","410","p30302sb",14.6616448508576,1.8122444706969,8.47131119123185,0.84518598877663,2.55874958492655
"77","Left","645","p30302sb",-4.34705653460696,1.51056965626776,10.1778946988618,-5.39069751752038,2.21701351082804
"78","Right","645","p30302sb",3.62839557230473,1.50440234225243,5.81407935152499,2.66877895461709,0.742894386579947
"79","Left","175","p30302sb",-2.74769260548055,0.223694822750986,7.29087540868739,-6.25796163137119,1.08422510105595
"80","Right","175","p30302sb",-9.16209599236026,1.08697502827272,12.0380286959832,-1.22525535102367,5.91845825298643
"81","Left","880","p30302sw",14.660883480683,1.75981011567637,6.6990992061424,-2.01063878066188,1.78982777056885
"82","Right","880","p30302sw",7.50526732066646,0.456328784115613,4.9168418097617,2.55263968912601,1.16534142391005
"83","Left","410","p30302sw",-14.4168034312315,1.10677122045308,6.06553747923673,-3.62510700628451,3.53121767782935
"84","Right","410","p30302sw",-3.47238088957965,0.470226733479649,3.87858025093807,3.91295147598909,0.356042420703382
"85","Left","645","p30302sw",-5.15685097547248,1.61036005662754,7.25210108073986,-2.5472442050059,1.34538786453387
"86","Right","645","p30302sw",-12.9766115080565,0.707821612711996,8.17103525540435,3.41303528118117,2.70120201893045
"87","Left","175","p30302sw",-2.42776960367337,0.925551891792566,5.80311649508344,-3.1640538279535,1.04552686221764
"88","Right","175","p30302sw",10.252235471271,0.285298119764775,8.20531125566095,3.81157128573707,1.85977389206998
"89","Left","880","p30303nm",6.73083281842992,0.917893062811345,3.90975361899244,-3.06500506703726,0.429435630493942
"90","Right","880","p30303nm",3.56426098616794,0.967452389188111,6.15097687081721,2.16246131312112,1.40150370789995
"91","Left","410","p30303nm",-4.91306316806003,1.29541683150455,6.8588483730186,-2.53421418043271,2.00481251001009
"92","Right","410","p30303nm",5.23195741698146,1.40102722961456,6.98260099280125,1.74644240240007,1.83305338821421
"93","Left","645","p30303nm",-9.6570376935415,0.592606540769339,3.9585377518312,-3.09778556379319,0.527000646900568
"94","Right","645","p30303nm",-3.46612612484023,1.70694530382752,7.4578017926738,2.76892664100148,3.02773000291333
"95","Left","175","p30303nm",4.97390852775425,1.08823836874217,4.94391504262272,-1.07428641792681,0.595149334974993
"96","Right","175","p30303nm",-12.9766115080565,0.707821612711996,9.83838063032778,2.86621057965651,5.12354850316876
"97","Left","880","p30303vm",5.81980582326651,0.232979252003133,5.42121701505832,-1.73229546202398,0.677472253980294
"98","Right","880","p30303vm",7.40335321985185,1.94818443665281,3.59760171669449,0.257986540324804,0.188747061828633
"99","Left","410","p30303vm",-4.75212800083682,1.26142082549632,5.72161894136916,-2.23015366083872,0.748585576420185
"100","Right","410","p30303vm",8.23211068287492,1.34967308910564,6.82867929225169,-0.151305306854318,0.88344659605442
"101","Left","645","p30303vm",-1.42774465028197,1.2381923426874,4.78450628673015,-1.78800799771449,0.555340054607906
"102","Right","645","p30303vm",-4.34705653460696,1.51056965626776,5.74883889351918,0.150666254574068,1.50416042321846
"103","Left","175","p30303vm",-9.20684207696468,0.560268068686128,5.50622382111648,-2.41634450695269,1.22060537859459
"104","Right","175","p30303vm",-1.01491556502879,0.162787829060107,5.09341629469673,-0.532705263998454,1.40799094505669
"105","Left","880","p30308dh",8.23211068287492,1.34967308910564,5.44042125292171,7.14401942519052,0.855355790577039
"106","Right","880","p30308dh",7.70932551473379,0.504852851387113,6.80165133534264,8.4473839913035,1.52692224893943
"107","Left","410","p30308dh",6.73083281842992,0.917893062811345,5.43975180115949,6.63993517262076,0.941686551344307
"108","Right","410","p30308dh",4.97754934011027,1.05745945218951,6.64727328199529,8.67333154297723,1.04637238680525
"109","Left","645","p30308dh",7.68813236150891,0.443223801441491,6.7553924104918,7.53940586142242,0.925996554870635
"110","Right","645","p30308dh",11.4502522791736,0.856978599913418,6.89806215497129,8.56158683802753,1.79430269442547
"111","Left","175","p30308dh",-5.93115591444075,0.791502819862217,4.32007727240662,7.03350493339972,0.776863969554499
"112","Right","175","p30308dh",10.0613391492516,0.475383792072535,7.44610338723812,9.23201179383292,1.93086573497266
"113","Left","880","p30310kl",7.40335321985185,1.94818443665281,5.76041718172964,-5.47721796456602,0.891095572507984
"114","Right","880","p30310kl",-12.2183166956529,0.399198307655752,8.53755887952001,-2.79476843548965,1.89480655416388
"115","Left","410","p30310kl",-9.58709761267528,1.99854662409052,9.39887162908247,-4.64713002530899,2.65168584716084
"116","Right","410","p30310kl",-4.53343437518924,1.10467529250309,7.62315231640038,-2.66528470428646,1.32311519350892
"117","Left","645","p30310kl",-4.75212800083682,1.26142082549632,5.4548170139614,-5.27839507866953,0.824791135406678
"118","Right","645","p30310kl",-3.46612612484023,1.70694530382752,8.96276374374896,-3.19462854885074,1.75285813756574
"119","Left","175","p30310kl",-5.40455113397911,1.41803166735917,4.3173885260977,-6.35247698639727,0.553423843397062
"120","Right","175","p30310kl",-4.91306316806003,1.29541683150455,9.45741406091476,-1.60174207532334,2.32681629876892
"121","Left","880","p30313jp",13.3049145620316,0.505520246457309,6.18294522619101,2.27255127677454,1.21767904726925
"122","Right","880","p30313jp",-4.91306316806003,1.29541683150455,5.29221665205343,4.52213010096103,0.525971978698598
"123","Left","410","p30313jp",2.59267499204725,0.0701830568723381,6.40842632888864,2.05722212755487,0.68914486767108
"124","Right","410","p30313jp",10.5546809127554,1.64232668047771,5.90907186108521,4.58523872674617,0.766004405948267
"125","Left","645","p30313jp",-14.030538580846,0.896579755470157,5.31867666172431,2.07494748291324,0.734286934282271
"126","Right","645","p30313jp",3.8445515697822,0.87634513201192,2.87500000036009,4.9626247783611,0.0731623482756474
"127","Left","175","p30313jp",-4.53343437518924,1.10467529250309,3.90510055284521,2.03180997083369,0.436176312477294
"128","Right","175","p30313jp",5.59740613913164,1.46605204930529,6.78699851008665,4.25181299947288,0.820654813110195
"129","Left","880","p30314am",-1.00158169632778,0.670381907373667,7.14886136735581,-1.69032364376733,1.09667377741498
"130","Right","880","p30314am",5.81980582326651,0.232979252003133,4.53721700820812,1.745523699938,0.869830204821438
"131","Left","410","p30314am",-3.47238088957965,0.470226733479649,5.23226703657116,-2.18177197937077,0.840615899544059
"132","Right","410","p30314am",1.68631760403514,0.939637712202966,2.91666666830503,2.02844164650038,0.08452049100068
"133","Left","645","p30314am",10.8695699600503,0.297757264226675,5.89076910486155,-2.3990250835433,1.06483570230774
"134","Right","645","p30314am",1.68631760403514,0.939637712202966,4.95059488406283,2.19649872511813,0.416295975293749
"135","Left","175","p30314am",-9.6570376935415,0.592606540769339,4.92708564546749,-1.61686029662381,0.551892178233676
"136","Right","175","p30314am",-2.42776960367337,0.925551891792566,4.63309640138774,1.99278069126023,0.505422514617768
"137","Left","880","p30317em",7.68813236150891,0.443223801441491,3.86269068778911,-0.595627346723095,0.642150495596601
"138","Right","880","p30317em",13.0531110288575,1.54807522054762,5.42625538684645,1.68726999471012,0.934256030799791
"139","Left","410","p30317em",-8.73934552771971,1.12835434125736,2.52538715678621,-0.419640097556812,0.278810616631106
"140","Right","410","p30317em",5.81980582326651,0.232979252003133,5.25167126463317,1.54442072213714,0.883321223210434
"141","Left","645","p30317em",-2.21503028646111,1.23571576131508,4.22665311142407,-0.564818772961488,0.525039313569709
"142","Right","645","p30317em",-2.42776960367337,0.925551891792566,5.5265415509335,1.23162465469127,0.780030356072503
"143","Left","175","p30317em",-1.58624636242166,1.76318219350651,6.48126426777018,-1.49723718608803,2.10277855786873
"144","Right","175","p30317em",-4.80311915511265,1.86618517432362,4.19246155459812,2.87856175308084,0.544478657519505
"145","Left","880","p30404jm",10.252235471271,0.285298119764775,6.40127692107599,-0.649581032343948,1.18201303580693
"146","Right","880","p30404jm",-7.10375221911818,0.952647742349654,5.75732646671044,0.896584430660962,0.487660977319887
"147","Left","410","p30404jm",-2.42776960367337,0.925551891792566,3.2233591536456,-1.43839552470051,0.347808905465789
"148","Right","410","p30404jm",6.38863236643374,1.26170374592766,6.52838611370525,0.699400660687067,1.38747873990497
"149","Left","645","p30404jm",-11.336743561551,0.264785300008953,4.31995837553364,-1.28681729477621,0.428785170509834
"150","Right","645","p30404jm",1.68631760403514,0.939637712202966,5.35023807263876,0.424835943904364,0.74889321336288
"151","Left","175","p30404jm",3.56426098616794,0.967452389188111,3.21428571598299,-1.94970715189729,0.0855640460001661
"152","Right","175","p30404jm",0.201385330874473,0.916464297100902,5.62262163246889,0.481856240771117,0.836961872046414
"153","Left","880","p30406db",-5.15685097547248,1.61036005662754,5.33393067086783,-4.05493041201268,0.701209896932164
"154","Right","880","p30406db",-5.40455113397911,1.41803166735917,3.23076923423941,2.01390880212249,0.0902115314700268
"155","Left","410","p30406db",-8.70618156390265,1.84467114927247,6.41997388404982,-5.26433459356339,0.712263551552399
"156","Right","410","p30406db",7.40335321985185,1.94818443665281,4.06751261040643,3.08340520398105,0.796620919101382
"157","Left","645","p30406db",-3.47238088957965,0.470226733479649,5.04565836590187,-3.83177910429258,0.892187268619976
"158","Right","645","p30406db",7.68813236150891,0.443223801441491,7.12350104857957,1.65622802137909,1.79366953707107
"159","Left","175","p30406db",-5.40455113397911,1.41803166735917,7.90110393333065,-4.67463628240789,1.60251355565505
"160","Right","175","p30406db",0.201385330874473,0.916464297100902,4.86847585688422,3.69253694155401,0.506474264835682
"161","Left","880","p30410mc",-0.537466944660991,0.13022926542908,5.63258414659782,-2.99956362428638,0.754646435860298
"162","Right","880","p30410mc",9.67875403119251,1.63090453203768,3.8037332616501,-2.1497207419692,0.411564389948637
"163","Left","410","p30410mc",5.23195741698146,1.40102722961456,4.00000000184947,-3.99999638415176,0.0730428592554028
"164","Right","410","p30410mc",-1.42774465028197,1.2381923426874,2.91666666728677,-2.02826401948171,0.084002103312612
"165","Left","645","p30410mc",5.05164217902347,0.427090503741056,5.61698461116625,-4.13644907328394,0.866971744768024
"166","Right","645","p30410mc",-2.42776960367337,0.925551891792566,7.54066768029931,-1.62464983965172,1.69900781133194
"167","Left","175","p30410mc",10.7708918815479,0.483028418850154,4.96393703747127,-4.20420985609052,1.00537905381581
"168","Right","175","p30410mc",-14.4168034312315,1.10677122045308,7.86730043156125,-1.14848453958856,1.46427739884411
"169","Left","880","p30411ao",-1.00158169632778,0.670381907373667,5.33976598651063,0.0835990817799182,0.720700651831424
"170","Right","880","p30411ao",11.4502522791736,0.856978599913418,5.11714725556953,2.70281721845786,0.950156190511239
"171","Left","410","p30411ao",-12.5281405029818,0.70525020128116,2.26184954367027e-27,-0.523012147381144,0.0150385237284655
"172","Right","410","p30411ao",14.660883480683,1.75981011567637,7.46323087476249,2.87775259561238,2.12009753242377
"173","Left","645","p30411ao",2.59267499204725,0.0701830568723381,5.60690079713078,-0.494321653397884,0.963004577678916
"174","Right","645","p30411ao",2.89283210411668,1.95403548283502,2.89317489235539,2.74956487164575,0.352502748673122
"175","Left","175","p30411ao",6.49237031349912,1.7811597827822,5.37929547839132,0.129662890930578,0.908224089382765
"176","Right","175","p30411ao",4.97390852775425,1.08823836874217,4.33298157382391,3.41216208712805,0.688071654864149
"177","Left","880","p30414SH",11.1179193668067,0.257341200485826,5.09818522938669,-0.0106094670228539,0.586900604717712
"178","Right","880","p30414SH",3.54894902324304,1.8458823855035,4.2383570452427,3.78624236552533,0.482617726212518
"179","Left","410","p30414SH",-4.80311915511265,1.86618517432362,4.91995550257129,0.530907254424617,0.510858175579842
"180","Right","410","p30414SH",3.56426098616794,0.967452389188111,5.09350848629314,4.00078598541909,0.7417460131147
"181","Left","645","p30414SH",-12.9766115080565,0.707821612711996,6.38293658822732,0.431268603313844,1.28470384479649
"182","Right","645","p30414SH",10.5775444814935,0.197961130645126,3.05780499240332,4.33460929819698,0.339809337547989
"183","Left","175","p30414SH",9.45216655964032,1.38236297573894,2.5555555560903,1.08135073582524,0.0649393550997
"184","Right","175","p30414SH",14.7353828768246,1.95945909665897,4.40630079884021,5.16745902810137,0.512709708314867
"185","Left","880","p30417mg",5.05164217902347,0.427090503741056,4.85429840977825,1.12935566175327,0.309624456649353
"186","Right","880","p30417mg",14.6616448508576,1.8122444706969,5.20782426962594,4.8649576657006,0.533720984512195
"187","Left","410","p30417mg",11.1179193668067,0.257341200485826,4.98285700740514,0.188458257630794,0.316547722560159
"188","Right","410","p30417mg",14.6616448508576,1.8122444706969,6.27251774296058,4.71559124350888,1.20471649436708
"189","Left","645","p30417mg",-3.46612612484023,1.70694530382752,7.12152120594452,-0.261785214570184,1.69122590604602
"190","Right","645","p30417mg",-0.537466944660991,0.13022926542908,6.45258628869295,4.68813736668811,1.29223912325515
"191","Left","175","p30417mg",-1.00158169632778,0.670381907373667,8.57429720415862,-0.187803247544737,1.05617730241383
"192","Right","175","p30417mg",-11.336743561551,0.264785300008953,4.96853290119555,4.32103758691933,0.952507933713234
"193","Left","880","p30418sf",-6.80134454509243,0.197036178316921,6.1937398817916,0.183703276806467,0.740179385807136
"194","Right","880","p30418sf",1.68631760403514,0.939637712202966,4.38384114374085,2.06803733737966,0.627506489218651
"195","Left","410","p30418sf",-5.40455113397911,1.41803166735917,2.60000000048412,-0.0802333863690895,0.0578779696351479
"196","Right","410","p30418sf",7.40335321985185,1.94818443665281,4.81560355327329,2.33450982934348,0.599055190212027
"197","Left","645","p30418sf",4.97390852775425,1.08823836874217,6.06598738187348,-0.721333383453571,0.967916577536286
"198","Right","645","p30418sf",5.23195741698146,1.40102722961456,5.53774245982921,2.00835406581675,1.02865960411015
"199","Left","175","p30418sf",4.86875790869817,1.74702454963699,4.98001646872228,-0.592819377468491,0.676662385850993
"200","Right","175","p30418sf",11.6549108549953,1.60290331766009,5.3196161552148,2.0897942079439,0.766199138089252
"201","Left","880","p30420im",-1.48744178703055,1.66859723208472,5.84542070421472,-2.13561748550717,0.911701647528804
"202","Right","880","p30420im",4.86875790869817,1.74702454963699,4.3376384138564,3.35407513152213,0.367878665731033
"203","Left","410","p30420im",-12.5281405029818,0.70525020128116,9.1816715187372,-1.56473249037277,1.41068993831837
"204","Right","410","p30420im",-14.4168034312315,1.10677122045308,5.90303074190573,2.13669823536652,1.32612741690825
"205","Left","645","p30420im",-5.40455113397911,1.41803166735917,7.74993207947329,-1.67626960808871,1.44890065714762
"206","Right","645","p30420im",-7.0580484601669,0.818535035476089,5.59918024273416,1.7579950421587,0.175397662358428
"207","Left","175","p30420im",4.86875790869817,1.74702454963699,8.31456148589073,-1.3706954961223,2.29108003406495
"208","Right","175","p30420im",-1.00158169632778,0.670381907373667,8.06496245534152,0.34016608185841,2.17316186600597
"209","Left","880","p30421sg",14.6616448508576,1.8122444706969,5.78290344851224,-1.46272248756641,0.682769738265066
"210","Right","880","p30421sg",10.0613391492516,0.475383792072535,5.72048537631541,1.45401455163564,0.291610148644879
"211","Left","410","p30421sg",-1.48744178703055,1.66859723208472,4.68804310838927,-1.35885457570695,0.857152196263168
"212","Right","410","p30421sg",5.23195741698146,1.40102722961456,5.18345165514744,1.42066181725558,0.38128819081667
"213","Left","645","p30421sg",-8.73934552771971,1.12835434125736,4.64796471031774,-1.15403846488032,0.590837784441843
"214","Right","645","p30421sg",-14.4168034312315,1.10677122045308,4.99615082528685,1.77401281493468,0.470201212753933
"215","Left","175","p30421sg",-5.15685097547248,1.61036005662754,4.70886243939728,-2.64267728612526,1.14729207494934
"216","Right","175","p30421sg",3.93997715553269,1.48809128301218,5.63507346662323,1.42502085094177,0.914446141432162
"217","Left","880","p30425mk",10.1540609216318,0.877452055457979,7.34790483778647,2.06717146798066,1.21092595519602
"218","Right","880","p30425mk",-1.58624636242166,1.76318219350651,6.07806062661597,3.90321626425228,1.15863133506198
"219","Left","410","p30425mk",-1.58624636242166,1.76318219350651,6.81782265317191,1.10865708539082,0.748799986407999
"220","Right","410","p30425mk",5.59740613913164,1.46605204930529,5.44553026329084,4.57772200921185,0.662420879605213
"221","Left","645","p30425mk",-2.74769260548055,0.223694822750986,5.26181200297503,0.433335407203775,1.10587624114564
"222","Right","645","p30425mk",3.62839557230473,1.50440234225243,4.88812498314205,4.74350207729134,0.853197993849248
"223","Left","175","p30425mk",11.1179193668067,0.257341200485826,5.27831451502685,0.980085529673673,0.852208158736644
"224","Right","175","p30425mk",-5.93115591444075,0.791502819862217,8.8972808421293,4.70289257449774,3.3333656436396
"225","Left","880","p30428jl",-9.58709761267528,1.99854662409052,6.33774528460583,-2.27441146517846,0.77494505331465
"226","Right","880","p30428jl",-5.15685097547248,1.61036005662754,5.00313409482043,-1.14555976193472,0.803699859477022
"227","Left","410","p30428jl",-3.46612612484023,1.70694530382752,5.20696838353898,-1.74514730573442,0.523637555532879
"228","Right","410","p30428jl",-0.537466944660991,0.13022926542908,5.30176133915851,-0.793035161687977,0.799842773338061
"229","Left","645","p30428jl",-3.35457114502788,1.30771703599021,1.50000000091075,-2.91325067726871,0.0789613041118783
"230","Right","645","p30428jl",-8.73934552771971,1.12835434125736,6.70024729221762,-1.04948799191651,1.07665336971282
"231","Left","175","p30428jl",-3.47238088957965,0.470226733479649,4.72586498995615,-3.06165344572132,0.860267312528053
"232","Right","175","p30428jl",-0.537466944660991,0.13022926542908,3.74492176473141,-0.436334598911878,0.435328827195082
"233","Left","880","p30501rb",-1.49918372975662,0.340183107182384,5.57057625930638,-2.37908043231766,0.906860180848295
"234","Right","880","p30501rb",-1.01491556502879,0.162787829060107,5.32295571712389,-0.241795441808016,0.881502775692671
"235","Left","410","p30501rb",-4.75212800083682,1.26142082549632,6.67931106861065,-2.59790195645759,1.35016027791239
"236","Right","410","p30501rb",2.59267499204725,0.0701830568723381,6.61025033393259,-0.126444739698025,1.45271821236092
"237","Left","645","p30501rb",-6.80134454509243,0.197036178316921,5.04828929596945,-2.35636494026223,0.829956346308591
"238","Right","645","p30501rb",-4.91306316806003,1.29541683150455,4.66717924304978,-0.54357196979705,0.792336763214122
"239","Left","175","p30501rb",-4.53343437518924,1.10467529250309,5.72404587318871,-3.04879369757419,1.505134227029
"240","Right","175","p30501rb",10.0613391492516,0.475383792072535,4.14895690144072,-0.0423032966087553,0.635191552664672
"241","Left","880","p30502ah",10.1540609216318,0.877452055457979,6.94903690449758,-1.97591331303872,1.58273747326438
"242","Right","880","p30502ah",7.7258844813332,1.32718420773745,9.89476424528575,9.62309575135533,2.92934321084488
"243","Left","410","p30502ah",-4.80311915511265,1.86618517432362,4.16396801858259,-1.9754823439238,0.405612062915892
"244","Right","410","p30502ah",11.7801800114103,1.84490755945444,10.4209428195487,11.3826231304552,3.4557262891013
"245","Left","645","p30502ah",-3.46612612484023,1.70694530382752,3.76325099491897,-2.18563728276919,0.23497534546597
"246","Right","645","p30502ah",11.4502522791736,0.856978599913418,5.97688837819687,7.35897102371403,0.450943318526802
"247","Left","175","p30502ah",-4.79109353385866,1.33712569065392,7.11931865190362,-0.802620971962437,2.55696160426233
"248","Right","175","p30502ah",-4.53343437518924,1.10467529250309,8.41010917940508,8.40871772086738,2.16843463444774
"249","Left","880","p30502mm",-2.74769260548055,0.223694822750986,2.89238026213142,-2.7496206455031,0.353954534244964
"250","Right","880","p30502mm",-1.01491556502879,0.162787829060107,8.1853423867518,-0.453036060954447,1.55983261686941
"251","Left","410","p30502mm",-9.58709761267528,1.99854662409052,4.501836750379,-2.7287907385629,0.63414126244636
"252","Right","410","p30502mm",1.68631760403514,0.939637712202966,7.24573617747303,1.18586091842913,1.3474385476374
"253","Left","645","p30502mm",-11.0994633939117,0.193895271513611,7.13592352495662,-2.93258814629142,2.12962252436016
"254","Right","645","p30502mm",-9.58709761267528,1.99854662409052,5.52502188978865,-0.999727495119661,1.05205895358191
"255","Left","175","p30502mm",-12.9766115080565,0.707821612711996,5.17568181105168,-3.12107257227844,1.10166699968128
"256","Right","175","p30502mm",-1.58624636242166,1.76318219350651,8.88451443996538,-0.353263032482738,1.87491039369751
"257","Left","880","p30504lp",-11.3923907722346,0.298589018173516,1.55555556720737,0.89719636854745,0.0820494705266953
"258","Right","880","p30504lp",11.4502522791736,0.856978599913418,2.22222222232925,3.01722194189016,0.0771766053113386
"259","Left","410","p30504lp",0.201385330874473,0.916464297100902,4.31613859755799,0.199667097564117,0.491690762802919
"260","Right","410","p30504lp",-4.75212800083682,1.26142082549632,5.47328803121223,2.8130784836557,0.826091297129884
"261","Left","645","p30504lp",-1.58624636242166,1.76318219350651,2.00000000283838,1.00000580111166,0.0814008741631335
"262","Right","645","p30504lp",3.54894902324304,1.8458823855035,5.52226248664376,2.95251336760971,0.603234911209956
"263","Left","175","p30504lp",-14.030538580846,0.896579755470157,5.21408323922465,-0.547437940004487,1.15264925217334
"264","Right","175","p30504lp",3.56426098616794,0.967452389188111,5.91039093861453,3.10871784942833,0.916706029866738
"265","Left","880","p30505pp",-4.91306316806003,1.29541683150455,7.49214940476335,-0.768379080132625,2.4745032507684
"266","Right","880","p30505pp",-1.00158169632778,0.670381907373667,7.56093737753167,-0.735514704828611,1.22509040608401
"267","Left","410","p30505pp",9.02730766218156,0.946886072400957,5.77552770313011,-1.95112975344423,1.08584677461869
"268","Right","410","p30505pp",-5.40455113397911,1.41803166735917,5.20819585678142,1.38407058555433,0.812584429037404
"269","Left","645","p30505pp",6.38863236643374,1.26170374592766,7.11807362617394,-1.10148020214893,1.22784066531397
"270","Right","645","p30505pp",14.9064975022338,1.6452516829595,7.9614449447494,0.289846211224717,2.47313008070538
"271","Left","175","p30505pp",-3.35457114502788,1.30771703599021,8.92514408519873,-1.9927422191987,2.1332167456012
"272","Right","175","p30505pp",13.0531110288575,1.54807522054762,8.64576808038811,1.29583383978533,2.28222212470417
"273","Left","880","p30508ab",-3.24883968103677,0.770498960278928,3.48049979926953,-2.40815681704039,0.298006277355451
"274","Right","880","p30508ab",-2.21503028646111,1.23571576131508,2.25000000350129,-1.90703175165139,0.0846242144499353
"275","Left","410","p30508ab",9.67875403119251,1.63090453203768,5.43032800397531,-3.71778686660741,1.172888738811
"276","Right","410","p30508ab",-11.0994633939117,0.193895271513611,2.47244340958456,-1.34316469068473,0.273552107970855
"277","Left","645","p30508ab",-14.4168034312315,1.10677122045308,4.87323176105306,-2.44682697591353,0.72100327551161
"278","Right","645","p30508ab",-2.21503028646111,1.23571576131508,3.13117534380912,-1.10750673306375,0.389547638954783
"279","Left","175","p30508ab",11.7801800114103,1.84490755945444,2.99178675418611,-3.28929330379753,0.33659101870814
"280","Right","175","p30508ab",-1.48744178703055,1.66859723208472,3.8910789800728,-1.1933206523292,0.507487858355022
"281","Left","880","p30509aa",-12.9113126196899,0.490221036132425,9.21996911197857,-4.33713522699496,4.92596358801817
"282","Right","880","p30509aa",4.97754934011027,1.05745945218951,6.50908763114611,1.69910586979651,2.13062744622982
"283","Left","410","p30509aa",-7.16167943319306,0.660671283490956,8.03025490941371,-3.17284558508741,1.97163138925775
"284","Right","410","p30509aa",-3.35457114502788,1.30771703599021,5.35948541979919,0.79554277132976,0.542025146994673
"285","Left","645","p30509aa",-4.91306316806003,1.29541683150455,10.0466032354468,-4.24248845876731,2.42519933964249
"286","Right","645","p30509aa",-11.336743561551,0.264785300008953,5.44807458756955,1.586653864716,1.49983511662324
"287","Left","175","p30509aa",-1.00158169632778,0.670381907373667,7.4332536591083,-4.81251197486674,2.73997961444529
"288","Right","175","p30509aa",1.68631760403514,0.939637712202966,5.28792876305147,2.05589744852377,0.78077988169252
"289","Left","880","p30511ki",-3.47238088957965,0.470226733479649,4.91866773923381,-2.51977817541413,1.15890517420784
"290","Right","880","p30511ki",-1.58624636242166,1.76318219350651,7.30826610246455,1.77862161766864,1.48478389199923
"291","Left","410","p30511ki",-0.964850359596312,0.131362666375935,6.43861853339591,-2.0995762838456,1.33404084359579
"292","Right","410","p30511ki",-1.58624636242166,1.76318219350651,6.70327657729422,1.58102230160042,1.29409271862286
"293","Left","645","p30511ki",-1.48744178703055,1.66859723208472,5.85654038689765,-2.4105636241882,1.1732890159905
"294","Right","645","p30511ki",-8.70618156390265,1.84467114927247,5.31264315497625,1.13291031971505,1.04972483745939
"295","Left","175","p30511ki",-7.16167943319306,0.660671283490956,3.75205054397093,-2.52443120473134,0.261342233160802
"296","Right","175","p30511ki",10.252235471271,0.285298119764775,7.34235181724132,0.935234267138552,1.60721701502613
"297","Left","880","p30516dl",-3.35457114502788,1.30771703599021,4.34587545355608,-0.582437453232628,0.674897964775553
"298","Right","880","p30516dl",-12.5281405029818,0.70525020128116,5.21163790299642,1.45865158159675,0.378724667879519
"299","Left","410","p30516dl",-1.49918372975662,0.340183107182384,6.08033098683651,-0.85212895829763,0.726565542821455
"300","Right","410","p30516dl",8.23211068287492,1.34967308910564,4.10726166995721,1.89848445923603,0.460869108719718
"301","Left","645","p30516dl",5.59740613913164,1.46605204930529,3.31098453528565,-1.15808365242122,0.362104936654082
"302","Right","645","p30516dl",-1.01491556502879,0.162787829060107,3.30665099042335,1.78770459896376,0.177074018158173
"303","Left","175","p30516dl",-6.80134454509243,0.197036178316921,3.98564054050824,-1.64805435618025,0.411373883056396
"304","Right","175","p30516dl",-1.48744178703055,1.66859723208472,5.34418910087655,2.68250471460443,0.790821902839375
"305","Left","880","p30516gm",-5.0830762507394,0.18470659153536,6.56252248325671,-0.577479602533292,0.870375670850821
"306","Right","880","p30516gm",-1.01491556502879,0.162787829060107,7.04806613824106,1.99595563768173,1.01600159926672
"307","Left","410","p30516gm",-5.0830762507394,0.18470659153536,6.47890094558014,0.190616177961081,0.928574442376163
"308","Right","410","p30516gm",-3.47238088957965,0.470226733479649,6.90649344530716,3.67143450133289,2.1082510110952
"309","Left","645","p30516gm",7.50526732066646,0.456328784115613,5.66885779087967,0.178459561239276,0.772247909421371
"310","Right","645","p30516gm",-7.10375221911818,0.952647742349654,5.68407122028086,2.29487246421133,0.874528348926564
"311","Left","175","p30516gm",-10.1154731540009,0.792240034788847,4.02850065579351,-2.17719478775582,0.590439332941356
"312","Right","175","p30516gm",3.8445515697822,0.87634513201192,6.81309561165288,3.8022563323633,1.26651308987524
"313","Left","880","p30530iw",3.56426098616794,0.967452389188111,6.12082658667392,-0.0479049553031347,1.00979454941165
"314","Right","880","p30530iw",6.38863236643374,1.26170374592766,3.7003244139424,4.30128334437602,0.652447296003815
"315","Left","410","p30530iw",-4.79109353385866,1.33712569065392,7.42489663842724,-1.83816486332244,1.14353973991743
"316","Right","410","p30530iw",5.59740613913164,1.46605204930529,10.6189119525238,4.28752740703725,2.84166234847837
"317","Left","645","p30530iw",-4.53343437518924,1.10467529250309,4.86353618255991,-1.22714725694818,0.489859677193402
"318","Right","645","p30530iw",14.9064975022338,1.6452516829595,5.75921204993709,4.56858628702019,1.17240273662766
"319","Left","175","p30530iw",-4.79109353385866,1.33712569065392,6.1249676821618,-3.78440718839085,1.70462337757491
"320","Right","175","p30530iw",5.05164217902347,0.427090503741056,6.91656773874488,4.63420779543628,2.34584939556099
"321","Left","880","p30530tl",10.252235471271,0.285298119764775,6.32340847771001,-5.28309639479729,0.828549381837184
"322","Right","880","p30530tl",3.93997715553269,1.48809128301218,5.31892768933499,1.08860513844437,1.2650743496725
"323","Left","410","p30530tl",-2.21503028646111,1.23571576131508,8.25386628030763,-6.84244011709058,1.99543708185256
"324","Right","410","p30530tl",-4.75212800083682,1.26142082549632,7.0322588085584,2.51772942639494,2.61749151053599
"325","Left","645","p30530tl",10.8695699600503,0.297757264226675,3.10000000011275,-5.05757423138472,0.0679516381522492
"326","Right","645","p30530tl",5.81980582326651,0.232979252003133,5.14762671864111,0.296133778245073,0.919504796804031
"327","Left","175","p30530tl",10.252235471271,0.285298119764775,4.81613198330559,-8.62377058528937,0.947673789008328
"328","Right","175","p30530tl",-1.58624636242166,1.76318219350651,8.0057133575106,1.47579685485968,1.79806287060116
"329","Left","880","p30602kh",-2.21503028646111,1.23571576131508,10.5421363680624,3.31284759856352,2.34669127337175
"330","Right","880","p30602kh",5.23195741698146,1.40102722961456,5.09714582831099,4.55423999759587,0.405898131533551
"331","Left","410","p30602kh",5.05164217902347,0.427090503741056,6.94435329951479,1.31174385499578,2.95583680549694
"332","Right","410","p30602kh",2.59267499204725,0.0701830568723381,9.71452472924982,4.11270438473628,3.21129637225
"333","Left","645","p30602kh",14.7353828768246,1.95945909665897,4.57367773335951,1.26835666345903,0.992368048011797
"334","Right","645","p30602kh",-7.10375221911818,0.952647742349654,8.72847045540758,5.9389350863642,3.06751012805988
"335","Left","175","p30602kh",13.3049145620316,0.505520246457309,7.6577448701263,1.25396169284811,1.40855328362172
"336","Right","175","p30602kh",-4.34705653460696,1.51056965626776,7.42435926358352,5.64843916391343,1.03575886601811
"337","Left","880","p30606tw",5.59740613913164,1.46605204930529,5.03755583509944,-3.26981791220379,0.549587691863468
"338","Right","880","p30606tw",-4.79109353385866,1.33712569065392,5.76946720008844,-2.95522536187379,1.47221949098959
"339","Left","410","p30606tw",-4.80311915511265,1.86618517432362,5.39976629044307,-3.9601568878984,0.891991525713368
"340","Right","410","p30606tw",11.1179193668067,0.257341200485826,9.71996073278328,-1.64277558362718,2.31471585782032
"341","Left","645","p30606tw",-3.46612612484023,1.70694530382752,2.37599812322448,-3.36101129859127,0.326581462465651
"342","Right","645","p30606tw",-7.10375221911818,0.952647742349654,5.22841058514974,-1.80961560632585,0.699539020114626
"343","Left","175","p30606tw",14.9064975022338,1.6452516829595,2.40000000083889,-4.96804156230034,0.0788257783078901
"344","Right","175","p30606tw",-1.42774465028197,1.2381923426874,4.4827214101264,-2.3853925741924,0.865114943709439
"345","Left","880","p30608at",-4.80311915511265,1.86618517432362,6.49067882979343,-2.47000631785305,1.62434846546146
"346","Right","880","p30608at",1.68631760403514,0.939637712202966,6.15369823204968,2.13950784106416,1.33271356598097
"347","Left","410","p30608at",4.97390852775425,1.08823836874217,6.92548735451247,-3.48434640833835,1.02219880706795
"348","Right","410","p30608at",3.62839557230473,1.50440234225243,6.64123799642124,3.22292674506835,1.01821439640976
"349","Left","645","p30608at",-7.0580484601669,0.818535035476089,10.7992390920464,-3.65443020123803,2.18659734568477
"350","Right","645","p30608at",5.05164217902347,0.427090503741056,8.73063417398975,2.15550350225068,2.70037442418348
"351","Left","175","p30608at",1.68631760403514,0.939637712202966,6.47596820182506,-2.7260802442849,2.02267650422949
"352","Right","175","p30608at",1.68631760403514,0.939637712202966,6.90370117049448,2.94632799387792,1.21569007705438
"353","Left","880","p30613kb",6.49237031349912,1.7811597827822,6.57413830582594,-3.33564637963921,0.990865075983576
"354","Right","880","p30613kb",-1.48744178703055,1.66859723208472,6.78163748940785,-0.00626638570431941,1.38950046226521
"355","Left","410","p30613kb",-3.47238088957965,0.470226733479649,4.52577509336886,-2.72591008042287,0.535403384781518
"356","Right","410","p30613kb",3.62839557230473,1.50440234225243,5.43808362376072,0.42653002246,0.342323737029552
"357","Left","645","p30613kb",-3.46612612484023,1.70694530382752,7.06945242613444,-3.55662541032043,0.94742715464137
"358","Right","645","p30613kb",3.54894902324304,1.8458823855035,7.0684591645118,0.40293755517973,1.66465925760301
"359","Left","175","p30613kb",-4.53343437518924,1.10467529250309,8.22102291774979,-2.80660999519773,1.40965798705373
"360","Right","175","p30613kb",14.7353828768246,1.95945909665897,5.0376102508189,0.73018350287191,0.549404964370348
"361","Left","880","p30613th",3.62839557230473,1.50440234225243,5.0871037327354,0.400779245530207,0.385038578040407
"362","Right","880","p30613th",3.54894902324304,1.8458823855035,6.2069478244448,2.4668512914097,1.8177252770717
"363","Left","410","p30613th",10.1972509059124,0.937859548255801,7.18605163804707,1.02570714569073,3.29207552602993
"364","Right","410","p30613th",5.23195741698146,1.40102722961456,7.58221375634645,3.93589383324946,1.78359125403691
"365","Left","645","p30613th",-14.4168034312315,1.10677122045308,10.6781241918938,1.75155353784129,3.56037780753386
"366","Right","645","p30613th",-9.16209599236026,1.08697502827272,7.91653506089413,3.41853111337558,3.85618277226023
"367","Left","175","p30613th",14.6616448508576,1.8122444706969,9.94725237506613,-1.27676514592205,2.21379323706687
"368","Right","175","p30613th",-1.01491556502879,0.162787829060107,9.58306797764241,3.88522293731937,3.59286970858773
"369","Left","880","p30907tg",-1.00158169632778,0.670381907373667,6.21556530692315,-0.417287645564862,1.05051389541798
"370","Right","880","p30907tg",3.8445515697822,0.87634513201192,7.61638436759251,2.38986673934955,1.37319213419568
"371","Left","410","p30907tg",3.54894902324304,1.8458823855035,5.23022234193742,-0.740044827286157,0.850786749584648
"372","Right","410","p30907tg",3.56426098616794,0.967452389188111,5.79265832887404,2.51892480408582,0.610549092577868
"373","Left","645","p30907tg",-1.00158169632778,0.670381907373667,6.02801065587329,-0.515296538016397,1.25528718425094
"374","Right","645","p30907tg",-3.35457114502788,1.30771703599021,6.69201330559348,1.43118436494661,0.966420366122091
"375","Left","175","p30907tg",-1.42774465028197,1.2381923426874,6.66296069340327,-1.01258795176406,1.20315814495837
"376","Right","175","p30907tg",-8.70618156390265,1.84467114927247,9.57595493990777,2.6580930521577,3.17573934232291
"377","Left","880","p30912cg",-4.34705653460696,1.51056965626776,4.36939214993257,-4.89469827179225,0.33915290914268
"378","Right","880","p30912cg",-4.75212800083682,1.26142082549632,5.19110205883429,-1.31839403072662,1.37666660270126
"379","Left","410","p30912cg",-9.6570376935415,0.592606540769339,4.93109790018547,-5.18552973512228,0.847945707907442
"380","Right","410","p30912cg",-8.70618156390265,1.84467114927247,6.88233391740587,-1.09233949025579,1.4121507745684
"381","Left","645","p30912cg",-4.79109353385866,1.33712569065392,6.34460813618085,-5.53101214943302,1.04262920994419
"382","Right","645","p30912cg",-2.21503028646111,1.23571576131508,5.29653683203123,-1.42909344308235,1.08670492153735
"383","Left","175","p30912cg",-4.65454840566963,1.77925090771168,4.63420019663225,-5.11611060959325,0.647496614985855
"384","Right","175","p30912cg",-6.80134454509243,0.197036178316921,5.47042497594782,-0.494205616944824,1.23445948884398
"385","Left","880","p30912kf",3.56426098616794,0.967452389188111,3.80019824159336,3.24755753806021,0.443738745048262
"386","Right","880","p30912kf",4.97754934011027,1.05745945218951,7.098749560446,6.76464210550551,1.20496584284715
"387","Left","410","p30912kf",14.7353828768246,1.95945909665897,4.15512329453234,3.18075540673872,0.577448895735483
"388","Right","410","p30912kf",14.7353828768246,1.95945909665897,5.75198372268788,6.61351765669577,0.601434457301243
"389","Left","645","p30912kf",3.62839557230473,1.50440234225243,4.61575859508384,3.02266974351344,0.743594116282021
"390","Right","645","p30912kf",5.05164217902347,0.427090503741056,4.13618774072525,6.57610008188466,0.384003442241007
"391","Left","175","p30912kf",1.68631760403514,0.939637712202966,6.06915079116669,3.05260574344987,1.36744566812043
"392","Right","175","p30912kf",6.73083281842992,0.917893062811345,5.01334943793044,7.33474070908074,0.378888466694642
"393","Left","880","p30913my",-14.183136227075,0.426073682960123,5.1127531480251,-0.860032548636623,0.836835268700798
"394","Right","880","p30913my",2.89283210411668,1.95403548283502,6.4353571306122,1.75053753941978,1.9396498851428
"395","Left","410","p30913my",-12.5281405029818,0.70525020128116,7.44743959967233,-1.70096925642683,0.833192401380806
"396","Right","410","p30913my",-14.183136227075,0.426073682960123,4.50765472998844,1.49290140736105,0.70747619021897
"397","Left","645","p30913my",-4.80311915511265,1.86618517432362,6.31425887262702,-1.48528758495982,0.878653217236628
"398","Right","645","p30913my",-9.16209599236026,1.08697502827272,6.57469797187106,1.34086988997532,1.28957598331616
"399","Left","175","p30913my",3.54894902324304,1.8458823855035,6.08206963856896,-2.88407125884231,0.964801740075971
"400","Right","175","p30913my",-10.1154731540009,0.792240034788847,6.50016464253071,1.98552119852611,0.836788960711043
"401","Left","880","p30914ms",5.59740613913164,1.46605204930529,10.294284651724,4.68963555855275,5.08526759656682
"402","Right","880","p30914ms",1.68631760403514,0.939637712202966,7.58842066297202,6.47949171412203,2.78336643345728
"403","Left","410","p30914ms",-8.73934552771971,1.12835434125736,15.8133390165582,-0.241050877986954,5.66726348499635
"404","Right","410","p30914ms",5.59740613913164,1.46605204930529,9.00567095840932,6.83195516264531,6.15219532590839
"405","Left","645","p30914ms",-3.24883968103677,0.770498960278928,8.0627466384152,1.85807212352069,5.72794953622856
"406","Right","645","p30914ms",9.67875403119251,1.63090453203768,9.97251727099373,4.26213443112589,2.69132823099262
"407","Left","175","p30914ms",-5.93115591444075,0.791502819862217,7.8391352208564,2.63048257650046,6.38001743372332
"408","Right","175","p30914ms",-14.4168034312315,1.10677122045308,5.30612955375364,3.35267002709868,0.728201038591565
"409","Left","880","p30915vb",-7.10375221911818,0.952647742349654,8.79075222054657,-5.20067270127408,3.03501290217148
"410","Right","880","p30915vb",3.93997715553269,1.48809128301218,4.98295391197507,1.40549814497464,0.717880059168975
"411","Left","410","p30915vb",-4.65454840566963,1.77925090771168,9.32508502307452,-4.31019485370165,1.78077479657034
"412","Right","410","p30915vb",-9.58709761267528,1.99854662409052,10.9187447342796,-0.440197661367079,5.35124454085522
"413","Left","645","p30915vb",3.62839557230473,1.50440234225243,6.95864746155516,-2.73758923854855,2.00564811304777
"414","Right","645","p30915vb",-11.0994633939117,0.193895271513611,7.35820732234411,1.59762681083387,1.87182812548307
"415","Left","175","p30915vb",3.62839557230473,1.50440234225243,6.12500000167589,-2.752327249115,1.2679808601395
"416","Right","175","p30915vb",-2.21503028646111,1.23571576131508,6.95608641656659,-0.927557719634906,2.00273963441726
"417","Left","880","p31006st",-3.35457114502788,1.30771703599021,7.60085049238212,-3.04839157924489,1.99562591628349
"418","Right","880","p31006st",3.56426098616794,0.967452389188111,5.41043592553556,3.20687629854911,1.05846912487742
"419","Left","410","p31006st",-4.80311915511265,1.86618517432362,5.81560561435777,-4.81944325265341,1.36845785344005
"420","Right","410","p31006st",10.8695699600503,0.297757264226675,9.36927797097061,4.38756880700149,3.50081503583243
"421","Left","645","p31006st",-4.80311915511265,1.86618517432362,6.82480755943305,-4.72302040623449,1.20634345505426
"422","Right","645","p31006st",6.49237031349912,1.7811597827822,8.65166314605571,4.17531465175337,1.77971552105157
"423","Left","175","p31006st",10.0613391492516,0.475383792072535,6.45852036933917,-5.11392435058703,3.43835187564585
"424","Right","175","p31006st",5.23195741698146,1.40102722961456,6.65992832608837,4.42571240962417,1.0711636342647
"425","Left","880","p31013kt",2.89283210411668,1.95403548283502,3.07692307895474,3.96220154085419,0.0804133230893839
"426","Right","880","p31013kt",5.23195741698146,1.40102722961456,3.35607569433258,4.37990234604783,0.347484075343188
"427","Left","410","p31013kt",3.62839557230473,1.50440234225243,3.96209491802745,3.80616406242438,0.39322822739687
"428","Right","410","p31013kt",-1.49918372975662,0.340183107182384,6.18304733866549,4.10627974154947,0.874535728430866
"429","Left","645","p31013kt",2.89283210411668,1.95403548283502,5.30309184942772,3.35462791815361,0.760537639941547
"430","Right","645","p31013kt",10.8695699600503,0.297757264226675,3.25000000046763,3.91543990004339,0.0769687215147336
"431","Left","175","p31013kt",8.23211068287492,1.34967308910564,6.12286783784468,3.73430757832313,0.804377953921054
"432","Right","175","p31013kt",4.97390852775425,1.08823836874217,4.04904610807561,4.74683821135683,0.484163640012738
"433","Left","880","p31016cm",-4.91306316806003,1.29541683150455,6.5575679901115,1.23947911490306,1.29821921217532
"434","Right","880","p31016cm",14.660883480683,1.75981011567637,6.06505281906345,4.5089197854625,0.67922282403343
"435","Left","410","p31016cm",-12.9766115080565,0.707821612711996,8.23458247586148,1.16435486798711,1.9981405651516
"436","Right","410","p31016cm",-4.65454840566963,1.77925090771168,8.32128937508743,5.58699850059829,2.11458629515991
"437","Left","645","p31016cm",-1.00158169632778,0.670381907373667,6.05780632048508,1.81109267802546,0.93164033706955
"438","Right","645","p31016cm",11.9741340028122,0.637706046923995,8.17271158242998,3.33384590861903,1.53944714146578
"439","Left","175","p31016cm",-1.58624636242166,1.76318219350651,8.6852875745049,0.672088421346368,1.49554114148746
"440","Right","175","p31016cm",3.56426098616794,0.967452389188111,5.18841969529303,4.85367192494819,0.471962199490829
"441","Left","880","p31020md",-4.91306316806003,1.29541683150455,5.24351300728281,-1.97405579166483,1.02663564717882
"442","Right","880","p31020md",2.59267499204725,0.0701830568723381,5.02991491454658,2.42838169554105,1.09719183191441
"443","Left","410","p31020md",-2.21503028646111,1.23571576131508,5.48239258597681,-2.34035933827428,1.34270822834287
"444","Right","410","p31020md",0.201385330874473,0.916464297100902,6.87912148287192,1.70135403964099,1.530181040196
"445","Left","645","p31020md",-2.74769260548055,0.223694822750986,5.84586358455422,-2.44481789109737,1.46050402588416
"446","Right","645","p31020md",3.8445515697822,0.87634513201192,3.94919086719388,1.62402019218061,0.455937844383077
"447","Left","175","p31020md",-4.79109353385866,1.33712569065392,7.84456362989788,-2.82118328816573,1.93489143388119
"448","Right","175","p31020md",11.7801800114103,1.84490755945444,3.01790722905306,2.37717293891136,0.380428641934634
"449","Left","880","p31031dm",10.1540609216318,0.877452055457979,3.54545455318124,-1.95130292421247,0.0870340196843477
"450","Right","880","p31031dm",2.89283210411668,1.95403548283502,3.92889111755418,2.34606786826705,0.425000700588203
"451","Left","410","p31031dm",-1.42774465028197,1.2381923426874,6.59271708353364,-0.628101508704754,1.18423989880628
"452","Right","410","p31031dm",2.89283210411668,1.95403548283502,6.69475609574071,2.36594858203793,0.620858763018145
"453","Left","645","p31031dm",14.660883480683,1.75981011567637,6.58740987304081,-1.33895838747845,1.7557105697818
"454","Right","645","p31031dm",1.68631760403514,0.939637712202966,4.61179602574275,1.99668282042855,0.681235478026291
"455","Left","175","p31031dm",-5.15685097547248,1.61036005662754,4.97677297814208,-1.33534385303264,1.41325626489963
"456","Right","175","p31031dm",4.97390852775425,1.08823836874217,4.98428936022644,2.02856350064327,0.866265876037567
"457","Left","880","p31031ki",3.54894902324304,1.8458823855035,3.54549679570363,0.26152030141173,0.371296790960473
"458","Right","880","p31031ki",3.8445515697822,0.87634513201192,3.1706425516856,3.04418335675679,0.375136472724813
"459","Left","410","p31031ki",0.201385330874473,0.916464297100902,4.89668967386251,-0.04998687393321,0.460175712370521
"460","Right","410","p31031ki",4.97754934011027,1.05745945218951,4.53877679866249,3.41579872419836,0.630655441398689
"461","Left","645","p31031ki",-7.10375221911818,0.952647742349654,4.73083654206676,0.876532119979773,0.435914348985176
"462","Right","645","p31031ki",-11.336743561551,0.264785300008953,4.43849898974588,3.32088315943085,0.582356210796091
"463","Left","175","p31031ki",-1.01491556502879,0.162787829060107,4.9984065903754,-0.483936786180806,0.671873373923541
"464","Right","175","p31031ki",10.5546809127554,1.64232668047771,7.23725642105296,3.94739455200802,1.82936415515832
"465","Left","880","p31101ch",7.50526732066646,0.456328784115613,2.99112184119787,-1.42654295724203,0.44720187067508
"466","Right","880","p31101ch",-5.40455113397911,1.41803166735917,3.55927841268616,-0.2490896275964,0.353650240306551
"467","Left","410","p31101ch",-5.0830762507394,0.18470659153536,3.90239048391602,-1.95874395300663,0.44292913929354
"468","Right","410","p31101ch",-5.40455113397911,1.41803166735917,4.05451479328398,0.127931143119402,0.30939983095148
"469","Left","645","p31101ch",-12.9766115080565,0.707821612711996,5.17332970468837,-1.99932955457536,0.601432786639581
"470","Right","645","p31101ch",6.49237031349912,1.7811597827822,4.15008268284419,0.0171798562284035,0.622867632845594
"471","Left","175","p31101ch",-1.48744178703055,1.66859723208472,6.19617305485913,-2.69299772856118,1.15637612065265
"472","Right","175","p31101ch",-9.6570376935415,0.592606540769339,2.72727272807937,0.0101203185914877,0.0554975612880018
"473","Left","880","p31103is",-4.80311915511265,1.86618517432362,5.07091120317817,-4.21716249996783,0.33390442505631
"474","Right","880","p31103is",-4.80311915511265,1.86618517432362,5.39128421844986,1.76775496767567,1.14634384957787
"475","Left","410","p31103is",-1.48744178703055,1.66859723208472,6.6071750705884,-4.33618769707461,1.04766119718644
"476","Right","410","p31103is",3.54894902324304,1.8458823855035,6.71144136995213,1.65195570042396,0.854207916394186
"477","Left","645","p31103is",-1.58624636242166,1.76318219350651,6.01868733307184,-3.79454175259974,1.32171782022927
"478","Right","645","p31103is",-4.75212800083682,1.26142082549632,6.53694145382249,1.40301739109329,0.989950681282802
"479","Left","175","p31103is",11.6549108549953,1.60290331766009,5.27042206434183,-4.90531494226314,0.823621963579387
"480","Right","175","p31103is",10.252235471271,0.285298119764775,6.46687204321337,1.88779181254461,1.43334633469376
"481","Left","880","p31103tg",-2.21503028646111,1.23571576131508,5.83130262795711,3.79013368933637,1.07194229075438
"482","Right","880","p31103tg",3.62839557230473,1.50440234225243,5.9437182084183,5.64939598268875,1.19412235449257
"483","Left","410","p31103tg",5.05164217902347,0.427090503741056,4.41451353845357,4.6377622570367,0.650913099066597
"484","Right","410","p31103tg",4.97390852775425,1.08823836874217,4.32539583867523,5.02654826922939,0.788260960210299
"485","Left","645","p31103tg",11.7801800114103,1.84490755945444,5.30096707530311,3.88916592833343,0.985420465225609
"486","Right","645","p31103tg",-0.537466944660991,0.13022926542908,4.3698315973838,4.97771527329283,0.72790924507024
"487","Left","175","p31103tg",4.97754934011027,1.05745945218951,4.62583829266651,3.86086246479571,0.606528499206832
"488","Right","175","p31103tg",14.660883480683,1.75981011567637,5.07794012195949,5.44934590432489,0.919062042938929
"489","Left","880","p31106mh",-1.58624636242166,1.76318219350651,2.92880933312327,1.03472650607304,0.384138490722855
"490","Right","880","p31106mh",10.5546809127554,1.64232668047771,5.96481921036355,2.36726361293927,0.773499113179664
"491","Left","410","p31106mh",3.54894902324304,1.8458823855035,5.46582604801952,1.48237077094637,0.940625652239008
"492","Right","410","p31106mh",-6.80134454509243,0.197036178316921,3.42964386991971,2.97164079563909,0.383443844420873
"493","Left","645","p31106mh",-1.01491556502879,0.162787829060107,3.12585421482885,1.63958560808402,0.327000886381376
"494","Right","645","p31106mh",-4.65454840566963,1.77925090771168,6.10648223890248,2.41149967131393,0.948664846004946
"495","Left","175","p31106mh",-3.24883968103677,0.770498960278928,2.85165396337321,0.867374571764969,0.320681333841005
"496","Right","175","p31106mh",-7.0580484601669,0.818535035476089,7.44413452172669,3.36467618665008,1.32721356511634
"497","Left","880","p31107sl",-3.35457114502788,1.30771703599021,5.03057282853836,-4.18923329584579,1.04509206921299
"498","Right","880","p31107sl",-1.42774465028197,1.2381923426874,5.9615211902578,1.6518685561547,0.7557468190024
"499","Left","410","p31107sl",-2.74769260548055,0.223694822750986,5.85289284327522,-3.71933354151414,0.593473002446128
"500","Right","410","p31107sl",-1.00158169632778,0.670381907373667,6.14961638997878,0.890038778466341,0.938903465762788
"501","Left","645","p31107sl",-9.58709761267528,1.99854662409052,7.88826657333892,-4.67730118304881,2.34326296334752
"502","Right","645","p31107sl",6.38863236643374,1.26170374592766,8.80835767192886,1.08552321054482,1.98478286333259
"503","Left","175","p31107sl",3.56426098616794,0.967452389188111,5.4601629980151,-3.49525373894157,0.733604122769648
"504","Right","175","p31107sl",6.73083281842992,0.917893062811345,5.00321215233643,1.59161515198687,1.59141670162218
"505","Left","880","p31108be",-4.34705653460696,1.51056965626776,8.49207846960145,-2.90513144635973,2.08511435272396
"506","Right","880","p31108be",7.68813236150891,0.443223801441491,5.80850518795419,-1.3381817886187,3.74384018499029
"507","Left","410","p31108be",7.70932551473379,0.504852851387113,6.49816234497317,-3.47954971269188,0.941014497311164
"508","Right","410","p31108be",-5.15685097547248,1.61036005662754,7.25025779913856,0.858663404624509,1.24600295105408
"509","Left","645","p31108be",-1.49918372975662,0.340183107182384,6.63494035519601,-2.43515979453288,2.01089120788945
"510","Right","645","p31108be",-4.34705653460696,1.51056965626776,7.23183642482962,-0.710278048806655,1.80747635537915
"511","Left","175","p31108be",-4.75212800083682,1.26142082549632,4.88404700483294,-3.06793777269826,1.10013673590749
"512","Right","175","p31108be",10.7708918815479,0.483028418850154,7.89182501376149,0.274579528081317,2.17163929247247
"513","Left","880","p31113kk",-3.46612612484023,1.70694530382752,8.60025875434682,-2.01454376743695,2.0512562539969
"514","Right","880","p31113kk",-11.0994633939117,0.193895271513611,5.36304189426755,2.26290489736048,0.499979185359165
"515","Left","410","p31113kk",-4.34705653460696,1.51056965626776,5.07076403690889,-3.38155554549904,0.627529677220942
"516","Right","410","p31113kk",4.97390852775425,1.08823836874217,6.38100839630966,2.40415649860418,2.23590943181996
"517","Left","645","p31113kk",-4.53343437518924,1.10467529250309,7.41076501503263,-3.49804275158124,1.22303184854867
"518","Right","645","p31113kk",1.68631760403514,0.939637712202966,6.40064473600041,1.96471296550574,0.615059955024398
"519","Left","175","p31113kk",-14.4168034312315,1.10677122045308,7.59010026623107,-2.56876086336914,1.77362800591117
"520","Right","175","p31113kk",-12.9113126196899,0.490221036132425,7.04339970243742,2.80276322166641,1.95268537714329
"521","Left","880","p31114kp",0.201385330874473,0.916464297100902,7.13184144980025,3.28994270674714,1.76026769872321
"522","Right","880","p31114kp",2.59267499204725,0.0701830568723381,5.32591464160664,2.28467860542084,1.65514230434267
"523","Left","410","p31114kp",3.93997715553269,1.48809128301218,6.56334289084942,2.90495295264261,1.80686632645598
"524","Right","410","p31114kp",2.59267499204725,0.0701830568723381,5.17217611922205,3.30213276140644,0.760119188809397
"525","Left","645","p31114kp",3.56426098616794,0.967452389188111,5.92447741287637,3.57114239948406,0.799496293202434
"526","Right","645","p31114kp",4.97754934011027,1.05745945218951,5.57263775856707,4.02740780527035,0.978948221261331
"527","Left","175","p31114kp",-5.93115591444075,0.791502819862217,2.7601555667398,3.21169750224581,0.385669252997059
"528","Right","175","p31114kp",5.81980582326651,0.232979252003133,8.19552971917955,3.04622108991878,2.22305599676754
"529","Left","880","p31114mc",-11.0994633939117,0.193895271513611,7.71348594106741,-3.50696838604269,2.05617238908807
"530","Right","880","p31114mc",14.7353828768246,1.95945909665897,5.43286461733783,-0.0773832127127191,1.24409142114506
"531","Left","410","p31114mc",-14.1814183071256,0.772552878130227,6.71945466318854,-4.76174780691903,1.77552177572003
"532","Right","410","p31114mc",-11.336743561551,0.264785300008953,4.61496160076207,0.804605066658617,0.658079842175059
"533","Left","645","p31114mc",-3.35457114502788,1.30771703599021,7.0656467964426,-3.45578419106694,2.08185119883562
"534","Right","645","p31114mc",-2.21503028646111,1.23571576131508,7.17490563500053,-0.518137689398055,1.05822108946653
"535","Left","175","p31114mc",-2.42776960367337,0.925551891792566,7.11401454026686,-5.01811395429179,2.02322747230845
"536","Right","175","p31114mc",-14.088248074986,0.241769740357995,5.71189715649962,3.28206507114023,0.751065046637422
"537","Left","880","p31115sr",3.62839557230473,1.50440234225243,5.49986702386683,-2.20664781886448,0.755634508715122
"538","Right","880","p31115sr",3.8445515697822,0.87634513201192,5.31572704443507,0.63042483043989,0.708091974593313
"539","Left","410","p31115sr",-4.79109353385866,1.33712569065392,6.24832307255472,-2.43188963423393,1.81773085875842
"540","Right","410","p31115sr",-5.0830762507394,0.18470659153536,8.26399304361428,1.13108838588991,2.76623203413639
"541","Left","645","p31115sr",-5.93115591444075,0.791502819862217,4.90596686330291,-2.90316976948387,0.608958482862266
"542","Right","645","p31115sr",13.0531110288575,1.54807522054762,5.66055410979666,1.99386161891405,1.23800724813906
"543","Left","175","p31115sr",11.6549108549953,1.60290331766009,7.21891136901649,-3.64219398628368,2.07557300366464
"544","Right","175","p31115sr",-14.4168034312315,1.10677122045308,5.8532753993275,2.82912756798603,0.697532472784109
"545","Left","880","p31116cm",-3.35457114502788,1.30771703599021,4.69231566227905,-1.32243160651815,0.456456638033279
"546","Right","880","p31116cm",-0.537466944660991,0.13022926542908,3.23076923260632,-0.0129838439919089,0.0842074803265239
"547","Left","410","p31116cm",-12.2183166956529,0.399198307655752,3.53442504762782,-1.13474549593901,0.257634382102435
"548","Right","410","p31116cm",-1.00158169632778,0.670381907373667,4.64797409489527,0.436225033831982,0.604698695666632
"549","Left","645","p31116cm",-1.49918372975662,0.340183107182384,3.31102200816586,-1.15800425644827,0.361971009307535
"550","Right","645","p31116cm",0.201385330874473,0.916464297100902,3.54652397706267,0.261377306856186,0.369591910270179
"551","Left","175","p31116cm",-4.80311915511265,1.86618517432362,2.89238043722428,-1.25038622836122,0.353941427517937
"552","Right","175","p31116cm",9.67875403119251,1.63090453203768,4.40979398394214,0.0898194895375731,0.540288570615006
"553","Left","880","p31121cd",3.62839557230473,1.50440234225243,5.02208175731239,-1.07197172802134,0.814782569446767
"554","Right","880","p31121cd",-9.6570376935415,0.592606540769339,8.00217634724926,2.25103049119764,1.63621134355793
"555","Left","410","p31121cd",-1.58624636242166,1.76318219350651,4.53782111697755,-0.3856842044064,0.790300282854324
"556","Right","410","p31121cd",-2.42776960367337,0.925551891792566,8.24433963877504,2.48809124619232,1.00718907512528
"557","Left","645","p31121cd",-4.75212800083682,1.26142082549632,5.93120935152407,-0.575326830265887,0.966859758317728
"558","Right","645","p31121cd",10.252235471271,0.285298119764775,6.51868645228938,3.2926711644351,1.02596197399268
"559","Left","175","p31121cd",0.201385330874473,0.916464297100902,8.0572498891511,-0.00178200422320961,1.57595508846887
"560","Right","175","p31121cd",-2.74769260548055,0.223694822750986,4.04019091481211,3.64898538911593,0.364464358257384
"561","Left","880","p31121dc",-2.74769260548055,0.223694822750986,4.23755595353424,-2.26911728521871,0.646147527196088
"562","Right","880","p31121dc",-1.49918372975662,0.340183107182384,5.30843178155308,0.838421025038439,1.43087707114742
"563","Left","410","p31121dc",-2.74769260548055,0.223694822750986,7.23476143602088,-2.73469066692752,1.0567724640287
"564","Right","410","p31121dc",6.49237031349912,1.7811597827822,7.05153275569684,1.33321860656157,1.56445882777236
"565","Left","645","p31121dc",-0.537466944660991,0.13022926542908,7.72892777341661,-1.17666914577761,1.76272048114952
"566","Right","645","p31121dc",0.201385330874473,0.916464297100902,6.26330318386726,1.34363573763425,0.842133285851894
"567","Left","175","p31121dc",-9.6570376935415,0.592606540769339,4.69514750760971,-3.16266300246613,0.871355770057301
"568","Right","175","p31121dc",-1.48744178703055,1.66859723208472,6.74288264858546,2.23352747951045,1.76802979197971
"569","Left","880","p31121mm",-0.964850359596312,0.131362666375935,6.97639017604313,2.64198576252445,2.08169068228291
"570","Right","880","p31121mm",8.23211068287492,1.34967308910564,7.18897791846071,7.72103634301174,1.60287100064027
"571","Left","410","p31121mm",-2.42776960367337,0.925551891792566,5.36217434130556,1.70117352360534,1.32584943785471
"572","Right","410","p31121mm",10.1540609216318,0.877452055457979,3.72727272911867,9.98525002137966,0.0808786918290798
"573","Left","645","p31121mm",10.7708918815479,0.483028418850154,7.6709380211221,0.358659610238774,1.38073748842073
"574","Right","645","p31121mm",3.93997715553269,1.48809128301218,7.5280123132459,7.57449629622446,1.9962213275563
"575","Left","175","p31121mm",-3.24883968103677,0.770498960278928,10.6785320565217,-2.79709814789992,4.47621291104964
"576","Right","175","p31121mm",6.49237031349912,1.7811597827822,7.30606147754135,9.90663716226762,1.36028432054827
"577","Left","880","p31122cc",-2.42776960367337,0.925551891792566,4.4137875474739,-4.06688394289177,0.610249126591788
"578","Right","880","p31122cc",10.5546809127554,1.64232668047771,6.35359273905241,-1.63230927741692,1.2356021061102
"579","Left","410","p31122cc",3.54894902324304,1.8458823855035,4.36332836998114,-3.6703323459002,0.64150431638395
"580","Right","410","p31122cc",7.40335321985185,1.94818443665281,6.68479262960094,-1.55811453381145,0.96951963624066
"581","Left","645","p31122cc",-1.01491556502879,0.162787829060107,5.74286751955063,-3.09580057407955,1.04604203052419
"582","Right","645","p31122cc",9.02730766218156,0.946886072400957,4.85137230247508,-3.22075385287318,1.01746402099734
"583","Left","175","p31122cc",-3.24883968103677,0.770498960278928,5.64508375548219,-4.62107903306441,0.85572617089453
"584","Right","175","p31122cc",-14.1814183071256,0.772552878130227,6.80505193553762,-1.74738603280149,1.23287190664049
"585","Left","880","p31122is",5.23195741698146,1.40102722961456,5.45320719462729,-4.32405612721616,0.979762770815054
"586","Right","880","p31122is",-0.537466944660991,0.13022926542908,7.33132281368545,-0.594582459935735,1.0063714966081
"587","Left","410","p31122is",-4.75212800083682,1.26142082549632,3.44146429830781,-4.45156830092217,0.333507847420368
"588","Right","410","p31122is",-4.34705653460696,1.51056965626776,6.14307796142023,-0.760894233914537,1.01310172819512
"589","Left","645","p31122is",-3.46612612484023,1.70694530382752,4.83647398695082,-4.33283747781897,0.686591774021766
"590","Right","645","p31122is",4.97754934011027,1.05745945218951,4.45923782360994,-1.50679152088559,0.34968020453321
"591","Left","175","p31122is",-12.9766115080565,0.707821612711996,3.58898609289731,-5.86391910046569,0.478817997622717
"592","Right","175","p31122is",-0.537466944660991,0.13022926542908,7.51278450274057,-0.628295282108284,1.24750040374188
"593","Left","880","p31122md",-4.79109353385866,1.33712569065392,8.71457608247074,-0.338137977290018,1.95971551510138
"594","Right","880","p31122md",2.59267499204725,0.0701830568723381,2.72727272837071,2.01526756654843,0.0837542701905604
"595","Left","410","p31122md",3.54894902324304,1.8458823855035,1.60000000175326,0.10761046050462,0.0776279038380547
"596","Right","410","p31122md",-3.46612612484023,1.70694530382752,3.74266509130238,2.43820069077833,0.439047500491823
"597","Left","645","p31122md",1.68631760403514,0.939637712202966,5.75505680414772,0.349845199860951,0.872634288173695
"598","Right","645","p31122md",-5.15685097547248,1.61036005662754,3.63058690397614,1.69010996453688,0.376359937899855
"599","Left","175","p31122md",-14.088248074986,0.241769740357995,5.60256754657997,-0.897917555916804,0.932499793329406
"600","Right","175","p31122md",3.93997715553269,1.48809128301218,3.61607230069987,3.34183507267919,0.455261538630401
"601","Left","880","p31122ns",-1.42774465028197,1.2381923426874,4.41054827134727,1.96425565378932,0.426866213749066
"602","Right","880","p31122ns",4.86875790869817,1.74702454963699,6.62271840118461,4.54891974601102,1.31000198021917
"603","Left","410","p31122ns",3.56426098616794,0.967452389188111,8.1441420680753,1.97509356403292,1.26129993145241
"604","Right","410","p31122ns",5.59740613913164,1.46605204930529,7.86548118612731,4.31856713798489,1.70618985709359
"605","Left","645","p31122ns",-3.24883968103677,0.770498960278928,3.14137488473047,1.1015562525043,0.371275540424525
"606","Right","645","p31122ns",6.38863236643374,1.26170374592766,7.26955326094997,4.0495374471478,1.87962658789752
"607","Left","175","p31122ns",10.8695699600503,0.297757264226675,1.87495343635184,1.24216702065371,0.124505435057874
"608","Right","175","p31122ns",0.201385330874473,0.916464297100902,3.8414101123507,4.4851475659594,0.585882279732843
"609","Left","880","p31127cj",1.68631760403514,0.939637712202966,6.28975123264383,0.125017705341282,0.779032561847995
"610","Right","880","p31127cj",2.89283210411668,1.95403548283502,6.68987892633071,2.58120601516114,1.11616519686568
"611","Left","410","p31127cj",-11.0994633939117,0.193895271513611,6.42360269536152,-0.323818911254212,0.787329249278113
"612","Right","410","p31127cj",-4.53343437518924,1.10467529250309,7.16628465863969,2.40683863331377,1.55727107310568
"613","Left","645","p31127cj",-9.58709761267528,1.99854662409052,4.11033077052109,-0.138632851714219,0.566285524103866
"614","Right","645","p31127cj",4.97754934011027,1.05745945218951,5.45260560635141,2.95941063871343,1.06695740656439
"615","Left","175","p31127cj",13.3049145620316,0.505520246457309,6.57507298981935,-0.269798431703851,1.5284180425299
"616","Right","175","p31127cj",-1.42774465028197,1.2381923426874,5.86780503802631,3.32410570545552,0.522813377238612
"617","Left","880","p31127ks",-0.537466944660991,0.13022926542908,9.61860145992978,-1.65270885482847,2.00722697938147
"618","Right","880","p31127ks",-4.65454840566963,1.77925090771168,7.20744139211167,1.3119592283991,1.6492635299705
"619","Left","410","p31127ks",-2.74769260548055,0.223694822750986,5.40962170371319,-4.3668085144286,1.02272781346644
"620","Right","410","p31127ks",-3.46612612484023,1.70694530382752,7.26342588524064,2.06387079937598,1.39509476602111
"621","Left","645","p31127ks",-4.34705653460696,1.51056965626776,5.16216604293844,-2.10395089370334,0.581294874962535
"622","Right","645","p31127ks",-12.2183166956529,0.399198307655752,6.5390400081844,0.587095328087184,1.36960086066486
"623","Left","175","p31127ks",-12.9766115080565,0.707821612711996,6.52859026154294,-3.26918197362439,1.11891530173902
"624","Right","175","p31127ks",7.40335321985185,1.94818443665281,7.37754027256302,0.988802785739292,2.89167497762104
"625","Left","880","p31127nf",-3.46612612484023,1.70694530382752,5.29489976278023,-3.47612417439686,0.521794580983107
"626","Right","880","p31127nf",-2.21503028646111,1.23571576131508,6.08653085795501,-1.63888634146037,0.374184865567936
"627","Left","410","p31127nf",-1.48744178703055,1.66859723208472,4.01159220104912,-3.66645419564237,0.38196661515206
"628","Right","410","p31127nf",-0.964850359596312,0.131362666375935,6.22152290374544,-1.88613124799065,0.85975782733639
"629","Left","645","p31127nf",14.7353828768246,1.95945909665897,6.87444167146072,-5.29199032693937,0.150967978579058
"630","Right","645","p31127nf",6.49237031349912,1.7811597827822,4.11062813538648,-2.54327651154826,0.417374113561463
"631","Left","175","p31127nf",-5.15685097547248,1.61036005662754,6.13684374800204,-5.14439956446579,0.921549815266867
"632","Right","175","p31127nf",7.40335321985185,1.94818443665281,3.16882368807545,-1.40704990384479,0.366064258035862
"633","Left","880","p40216ss",3.56426098616794,0.967452389188111,5.67067709700147,4.98124196565334,0.730118708494027
"634","Right","880","p40216ss",-5.40455113397911,1.41803166735917,5.28447572573417,5.95183651362953,0.777211402685243
"635","Left","410","p40216ss",10.5775444814935,0.197961130645126,5.14860990583681,3.71401628773306,0.740343157723482
"636","Right","410","p40216ss",7.7258844813332,1.32718420773745,8.79969628853639,7.18653135911324,1.26870202262101
"637","Left","645","p40216ss",3.8445515697822,0.87634513201192,7.49065530579448,3.57953772273153,0.994469390473133
"638","Right","645","p40216ss",5.59740613913164,1.46605204930529,5.22342185553902,6.06702175536792,1.04298076141747
"639","Left","175","p40216ss",-14.088248074986,0.241769740357995,6.80917270001594,2.68842238342673,1.09153027012025
"640","Right","175","p40216ss",-10.8701321901754,1.49083702685311,4.72213912599777,6.06058509071449,0.883833191952343
